Land_town,Heating_Degree_day,Altitude,Latitude,Longitude,Average_High_Temperature_in_Jan_2016,Average_Temperature_in_Jan_2016,Days_with_precipitation_Jan_2016,Residents_per_dwelling_ratio,Independent_Heat_System_Share_of_Dwellings,Independent_Hot_Water_System_Share_of_Dwellings,Share_of_buildings_built_before_1960,Share_of_buildings_built_after_1990,Average_building_age,Share_of_non-occupied_buildings,Rate_of_urban_population,Population_density_per__Sq_km,Share_of_houses_owned,Share_of_houses_rented,Average_habitable_area_per_resident_sqm,Average_size_of_dwellings_sqm,Average_family_size,Employees_population_ratio,Per_capita_income_â‚¬,Share_of_employees_in_the_industrial_sector,Tourist_accommodations_per_capita,Share_of_recycled_waste,Per_capita_recycled_waste_production_kg,Per_capita_urban_waste_production_kg,Per_capita_electr_energy_cons_in_the_domes_sector_kWh,Province
Torino,2617,239,45.07269755,7.679058202,8.129032258,4.096774194,5,2.253808939,0.471124604,0.517024974,0.520268789,0.11980619,69.50465995,0.157764078,0.972628549,333.6536208,0.69015569,0.23233615,41.25,91.97659238,2.14,0.33231633,23542.98422,0.397120917,0.031116967,0.5273,241.39,457.76,1025.964316,Torino
Vercelli,2571,130,45.32072945,8.412480901,7.838709677,4.016129032,6,2.256181065,0.688785942,0.745864739,0.656495029,0.081885054,81.8416862,0.248709477,0.953515579,83.52483901,0.68688784,0.21980009,47.65,105.9757985,2.14,0.239305757,21169.521,0.479843185,0.034635471,0.6391,294.5,460.79,851.2204661,Vercelli
Novara,2463,159,45.4405197,8.61673358,7.838709677,4.016129032,6,2.341195835,0.716800837,0.772360293,0.463497538,0.163117643,61.35960736,0.153836569,0.968155619,276.1706225,0.709708946,0.196631693,44.57,103.3775474,2.24,0.274697108,23131.46067,0.469109124,0.048859495,0.6792,323.23,475.86,1049.594346,Novara
Cuneo,3012,534,44.41731459,7.553826833,4.741935484,1.951612903,3,2.362941053,0.66293791,0.684837714,0.53291012,0.13101288,73.0368229,0.336851715,0.843505384,85.44071588,0.692490592,0.217648973,43.28,101.015857,2.26,0.317020761,20918.01652,0.469713923,0.067235549,0.6069,281.41,463.65,1023.581415,Cuneo
Asti,2617,123,44.91422787,8.195410223,7.903225807,4.129032258,7,2.307756765,0.639981485,0.635902332,0.688484918,0.074140762,86.83104059,0.24277285,0.834800274,143.4763452,0.69834728,0.210742681,47.64,108.4196269,2.23,0.241725766,20332.11772,0.443176849,0.035855213,0.6489,275.85,425.13,1090.563373,Asti
Alessandria,2559,95,44.91003435,8.645537022,7.258064516,3.806451613,11,2.196267832,0.640306348,0.805835021,0.667356224,0.070824746,84.07649026,0.251921865,0.894672412,119.8868906,0.705672791,0.210215673,48.92,106.190356,2.11,0.27042874,21145.38729,0.445198425,0.02761228,0.4952,268.69,542.64,1085.881432,Alessandria
Biella,2589,420,45.59330975,8.021359743,8.258064516,4.564516129,6,2.23526525,0.634155479,0.687712464,0.671995177,0.069550761,84.45556022,0.221448761,0.946880214,195.5048972,0.729080716,0.181247877,48.1,106.2860087,2.14,0.287701985,21449.81603,0.450559933,0.035026407,0.6136,291.51,475.05,1084.284042,Biella
Verbania,2426,197,45.9360433,8.541346095,7.935483871,4.370967742,7,2.23429854,0.753915969,0.803677702,0.579551275,0.096079637,75.55978725,0.353354661,0.975983377,70.6190398,0.697878355,0.204767525,42.5,94.22151431,2.13,0.217303948,20025.35322,0.410526618,0.22920007,0.6685,356.9,533.91,1057.846478,Verbania
Aosta,2850,583,45.75034068,7.302839198,3.64516129,1.322580645,11,2.165735854,0.470790198,0.629885256,0.399421564,0.172397038,58.87284822,0.500720418,0.960238475,38.91039656,0.655886812,0.225130537,39.6,84.88823419,2.06,0.309362333,22162.18985,0.292615157,0.429340416,0.556,318.51,572.85,1391.833421,Aosta
Varese,2652,382,45.82495714,8.813937045,7.870967742,4.661290323,6,2.408671245,0.75326505,0.81034028,0.369671066,0.156155518,54.16327392,0.13658504,0.986748268,742.8635154,0.749314878,0.169091013,42.35,101.2411086,2.31,0.306526312,23463.20397,0.493399587,0.027505413,0.7458,355.02,476.03,1066.24062,Varese
Como,2228,201,45.80516954,9.082038588,7.709677419,4.548387097,8,2.421632843,0.781529592,0.836716227,0.421782587,0.146770197,60.16574013,0.21388142,0.985836877,469.2513803,0.753254161,0.159898963,41.64,100.0460236,2.31,0.283507887,23053.47049,0.460004569,0.058638098,0.6499,307.57,473.26,1075.825988,Como
Sondrio,2755,307,46.18094723,9.857852714,7.0,3.370967742,8,2.396887469,0.568589196,0.709275471,0.394226505,0.186566944,56.72885565,0.496702432,0.983978011,56.77495371,0.782134592,0.120732712,39.74,94.21857974,2.27,0.296531242,20285.05683,0.328794972,0.174572992,0.5492,259.81,473.08,1094.594818,Sondrio
Milano,2404,122,45.46937193,9.173986901,7.516129032,4.209677419,8,2.248426393,0.440218167,0.551892109,0.353060737,0.149906936,48.26028996,0.060814868,0.994493849,2042.464136,0.713005046,0.223005512,39.42,87.85709074,2.08,0.57022696,28410.05281,0.242151485,0.029474542,0.6426,303.47,472.27,1184.85452,Milano
Bergamo,2533,249,45.69746979,9.665002307,8.0,4.338709677,8,2.483066422,0.807408723,0.834504847,0.332426001,0.186868157,52.80538823,0.227356675,0.975592782,404.2090084,0.772406989,0.151165515,40.11,98.75696384,2.38,0.351898273,22865.44456,0.499423166,0.023650977,0.7261,330.85,455.63,1020.061571,Bergamo
Brescia,2410,149,45.53349051,10.22699104,8.0,4.548387097,9,2.458099627,0.800864388,0.851972788,0.367931477,0.165818935,57.16696706,0.208958855,0.959961843,263.8523645,0.712237066,0.196655237,41.1,100.2294132,2.34,0.328157158,21915.48691,0.498551467,0.08896805,0.6948,367.16,528.46,1119.842113,Brescia
Pavia,2623,77,45.19864546,9.16567837,7.258064516,3.870967742,11,2.28995504,0.751468182,0.783977813,0.488476308,0.153178032,60.82815745,0.156228257,0.968650037,184.3446957,0.724486628,0.192408717,45.09,102.0950433,2.2,0.221364558,22462.67495,0.379818231,0.015437158,0.4834,248.11,513.24,1089.810708,Pavia
Cremona,2389,45,45.14184075,10.03065794,7.677419355,4.193548387,9,2.418446911,0.846133406,0.850834965,0.425858,0.175637635,60.92242458,0.128745707,0.971237868,202.994393,0.737673189,0.188853146,44.68,106.6350449,2.32,0.236050254,22407.43071,0.476823389,0.011091077,0.7791,370.88,476.06,1097.977673,Cremona
Mantova,2388,19,45.15013245,10.80832761,7.677419355,4.193548387,9,2.496902842,0.834812089,0.860143862,0.396175356,0.167524488,57.44273116,0.130263921,0.906694487,176.229325,0.716149866,0.198545035,48.03,118.8851147,2.39,0.292766251,21383.32183,0.537947418,0.020685393,0.8645,451.31,522.05,1143.452655,Mantova
Lecco,2383,214,45.85852164,9.423869905,7.709677419,4.548387097,8,2.441132919,0.761671893,0.81889804,0.420159269,0.160807767,61.27151877,0.258380467,0.982819423,416.458387,0.776885181,0.15068503,40.54,98.18656727,2.34,0.295602272,24668.32368,0.548524353,0.041086199,0.7039,336.51,478.03,1052.948078,Lecco
Lodi,2592,87,45.31565646,9.504615699,7.258064516,3.870967742,11,2.429478827,0.873125683,0.874223992,0.305363974,0.219305839,48.50484461,0.101487152,0.977153583,292.9046737,0.770434595,0.170757714,40.68,98.20463626,2.36,0.214529284,22943.38022,0.386275572,0.010364615,0.7253,314.26,433.26,1008.119021,Lodi
Monza,2404,162,45.58621878,9.277153368,7.870967742,4.35483871,8,2.431695761,0.717236424,0.783386297,0.33130156,0.19211182,46.59256649,0.095158799,0.991656043,2143.138587,0.798652536,0.139379,39.14,94.63830896,2.33,0.316543055,25137.556,0.468385369,0.008466276,0.7105,299.73,421.85,1059.320327,Monza
Bolzano,2791,262,46.48665216,11.34971108,6.161290323,2.693548387,7,2.52857558,0.270704447,0.789210748,0.345733501,0.273737798,53.3164203,0.123939558,0.856599616,70.86760406,0.684853436,0.244584573,37.17,92.14904598,2.37,0.367701524,23438.50348,0.295955981,0.42398561,0.6644,314.92,474.01,1080.960447,Bolzano
Trento,3001,431,46.06237946,11.11174718,6.161290323,2.435483871,7,2.391927736,0.673744289,0.799962327,0.493223829,0.150368739,71.12638477,0.368688274,0.954168191,86.7741334,0.73562263,0.188527757,40.25,94.85710379,2.28,0.315434272,21317.89187,0.328788886,0.31300176,0.7431,361.42,486.4,1094.496142,Trento
Verona,2468,59,45.44959943,11.00319102,7.225806452,3.548387097,9,2.477487689,0.825183672,0.864234061,0.347750683,0.167078758,53.19508537,0.163093715,0.940775666,297.6292074,0.708266061,0.208905656,44.32,108.5041734,2.36,0.355955636,21863.70767,0.368946789,0.159292371,0.7117,357.24,501.95,1116.26302,Verona
Vicenza,2371,39,45.5458462,11.55498212,7.387096774,3.532258065,9,2.551235228,0.87649026,0.887247792,0.334730943,0.164215661,53.10954284,0.197431926,0.924057705,317.7539173,0.74986757,0.168570165,45.46,114.6211058,2.4,0.367231336,22321.0919,0.538204338,0.038383645,0.7648,336.28,439.7,1041.982147,Vicenza
Belluno,3043,389,46.14148643,12.22017551,6.129032258,2.564516129,6,2.286795453,0.663595197,0.762497931,0.53504619,0.113840769,70.07972381,0.41933914,0.937195537,56.03811172,0.776018365,0.13640489,44.68,101.0122071,2.17,0.302489036,21093.56251,0.490058719,0.437353303,0.8044,385.45,479.2,1076.872986,Belluno
Treviso,2378,15,45.66470677,12.22871623,7.387096774,3.419354839,9,2.569927867,0.848153194,0.867495056,0.298727892,0.184005622,48.63173342,0.144332505,0.896223725,357.271269,0.778324897,0.154276007,45.71,116.3489285,2.44,0.332995358,22078.25258,0.501501882,0.020300867,0.8785,353.41,402.27,1068.769668,Treviso
Venezia,2345,1,45.46861183,12.34719559,6.709677419,3.806451613,10,2.406196732,0.83330422,0.890764758,0.320058129,0.156358443,49.82536362,0.229084463,0.932227184,345.4548256,0.767260008,0.164881651,42.96,102.4951391,2.26,0.30403253,21827.15808,0.306449609,0.425446139,0.6524,396.36,607.5,1140.148079,Venezia
Padova,2383,12,45.4042833,11.88416383,7.129032258,3.516129032,9,2.534818781,0.839397088,0.886397579,0.237329173,0.193544179,42.95346768,0.110980087,0.91148095,436.6640458,0.78735914,0.142859068,46.97,117.8141421,2.38,0.357515675,22919.17496,0.411826315,0.038736524,0.6878,327.74,476.52,1112.067621,Padova
Rovigo,2466,7,45.07055308,11.79597704,7.322580645,3.774193548,10,2.446363499,0.895860212,0.904875004,0.376845836,0.161069389,51.7070641,0.205690927,0.887529967,131.1421673,0.776137076,0.148041274,47.49,114.8476051,2.3,0.263603316,18919.01831,0.418978148,0.128631784,0.6648,351.44,528.61,1184.887756,Rovigo
Udine,2323,113,46.0649236,13.24653694,7.741935484,3.725806452,8,2.296307415,0.798330545,0.817002158,0.357581974,0.133645309,55.02149428,0.253868515,0.971704985,108.3022492,0.783240561,0.145291288,48.56,110.4765879,2.18,0.290850345,21519.8351,0.403673024,0.183426597,0.6979,339.62,486.66,1108.631596,Udine
Gorizia,2333,84,45.94493603,13.59960719,8.129032258,4.548387097,11,2.20941195,0.815480304,0.84780983,0.434817945,0.172529259,55.65947659,0.203698592,0.978450583,298.9986978,0.780677719,0.155760925,44.32,96.96840612,2.11,0.208501317,20830.5583,0.423374401,0.207205401,0.6821,339.31,497.42,1056.75399,Gorizia
Trieste,2102,2,45.66486432,13.79955383,8.35483871,6.532258065,11,2.053328037,0.568047927,0.613333927,0.588246616,0.096362353,73.91220248,0.104834325,0.994226164,1104.386154,0.718914572,0.219922,41.03,82.80420198,1.93,0.303085541,23472.03846,0.320335329,0.054597285,0.4058,191.59,472.13,1115.126,Trieste
Pordenone,2459,24,45.95471004,12.65816143,7.516129032,3.370967742,8,2.453687111,0.821780834,0.844536345,0.341497614,0.162392293,52.71922564,0.192791773,0.944593338,137.1411921,0.77846437,0.154614778,45.7,111.0226255,2.33,0.311189115,21728.08457,0.541392252,0.027508324,0.8232,377.58,458.68,1095.013315,Pordenone
Piacenza,2715,61,45.04236781,9.71883036,7.225806452,3.967741936,8,2.280174969,0.837553511,0.834715223,0.495943687,0.115492805,63.57047249,0.24654592,0.919533687,110.8970354,0.713544259,0.204526603,45.38,102.5761084,2.2,0.296929899,22796.13042,0.38412751,0.031141241,0.593,397.98,671.16,1122.200601,Piacenza
Parma,2502,57,44.79458037,10.32861443,7.225806452,3.967741936,8,2.269215659,0.777582361,0.80635087,0.487860437,0.12298461,64.61372854,0.213726886,0.910739436,130.2116051,0.698823419,0.211244037,46.32,104.2390397,2.19,0.366325561,24564.87263,0.430010218,0.045221754,0.7402,420.86,568.56,1113.390763,Parma
Reggio_Emilia,2560,58,44.6983664,10.63570997,8.258064516,4.209677419,7,2.477282305,0.803378551,0.86430795,0.349653499,0.184786725,51.94260986,0.16781081,0.909353277,232.4033182,0.721780287,0.180137958,43.1,106.0114834,2.34,0.395657586,23394.45412,0.452716435,0.021852341,0.6602,494.44,748.91,1088.109855,Reggio_Emilia
Modena,2258,34,44.64500793,10.91648784,8.258064516,4.209677419,7,2.428982294,0.80636567,0.848466139,0.399021816,0.132433023,56.83298178,0.212464424,0.905997139,260.7410965,0.713753453,0.198083564,43.72,105.2753576,2.32,0.373612705,23612.57888,0.479827489,0.030318379,0.638,404.47,634.01,1172.128037,Modena
Bologna,2259,54,44.49892753,11.33441577,8.806451613,5.451612903,7,2.198151401,0.696382139,0.867254353,0.456821299,0.150931827,59.19612747,0.151350305,0.913097456,272.5905818,0.687724635,0.226928008,43.53,94.83064937,2.07,0.393034316,25421.37007,0.348803874,0.038925496,0.5592,318.64,569.78,1118.003191,Bologna
Ferrara,2326,9,44.82375951,11.65024178,8.258064516,4.548387097,7,2.244993744,0.85940709,0.892822515,0.411403817,0.141107599,53.96189556,0.273659209,0.901018725,132.2015934,0.749259299,0.162330574,47.75,106.1713718,2.14,0.236550196,20696.21069,0.374210677,0.151408592,0.6086,400.54,658.12,1198.753021,Ferrara
Forli,2087,34,44.22836434,12.05077441,9.580645161,6.080645161,10,2.428392085,0.864694014,0.914092375,0.374447271,0.126002739,54.37763647,0.18299714,0.881447415,165.6889169,0.720142797,0.178247697,41.89,100.8494879,2.3,0.33348433,20703.73625,0.396393078,0.160553916,0.534,380.39,712.36,1041.447267,Forli
Rimini,2139,5,44.03981799,12.53147435,9.419354839,6.5,10,2.430573181,0.879785692,0.9327252,0.283222564,0.166428919,46.02706273,0.234779249,0.899797681,389.4069857,0.721339178,0.168991115,39.47,94.89003203,2.31,0.335433183,19363.80363,0.289098692,0.517836252,0.5991,443.3,739.95,1217.390272,Rimini
Perugia,2289,493,43.13741266,12.39585651,5.032258065,3.209677419,13,2.518718221,0.843594973,0.870128865,0.39662089,0.17757378,59.11235174,0.192640533,0.863908185,104.2576212,0.742870889,0.140366842,42.5,106.1753499,2.33,0.28127573,19734.10967,0.400259117,0.112957665,0.5762,313.18,543.51,1024.686313,Perugia
Terni,1650,130,42.58055449,12.66152462,11.4516129,7.774193548,15,2.360264107,0.823987129,0.782174918,0.511126993,0.122208326,66.23097691,0.205814573,0.875170735,107.2878019,0.732544426,0.160156841,43.21,101.3138594,2.19,0.244028648,19711.86467,0.368895985,0.061515744,0.5751,281.01,488.63,1010.437389,Terni
Pesaro,2083,11,43.88743531,12.86449269,10.38709677,7.629032258,13,2.491037752,0.85343125,0.903792291,0.424106458,0.129659457,59.95336708,0.215243991,0.886191575,140.4769362,0.754420538,0.146205635,41.6,103.098437,2.35,0.307353075,19728.92213,0.460638365,0.13038693,0.5681,343.82,605.21,1007.454721,Pesaro
Ancona,1688,16,43.57365077,13.49280617,10.38709677,7.629032258,13,2.455526249,0.88960334,0.922371166,0.457813831,0.123216493,62.36064944,0.193864344,0.901596446,241.5039617,0.759910656,0.151109963,41.02,99.95640976,2.31,0.305221951,20995.92063,0.456580057,0.10651222,0.5957,304.73,511.52,972.1085623,Ancona
Macerata,2005,315,43.30451887,13.45278126,10.67741936,7.177419355,12,2.570903416,0.896312746,0.912604033,0.454482759,0.12822069,65.31076552,0.239614918,0.835992328,114.7470098,0.763346759,0.142357512,41.35,105.5520645,2.43,0.298663671,18973.78602,0.483505317,0.105631175,0.7137,345.78,484.46,988.0189765,Macerata
Ascoli_Piceno,1698,154,42.85225278,13.56964367,11.25806452,7.112903226,11,2.566345884,0.87659008,0.901914023,0.466067737,0.11696996,62.52728363,0.253372877,0.884566578,170.5309317,0.773184893,0.120488418,41.29,105.4060888,2.4,0.251412738,18366.34459,0.363163765,0.13995703,0.5003,270.98,541.58,969.2050609,Ascoli_Piceno
Fermo,1955,319,43.16171083,13.71781944,10.67741936,7.177419355,12,2.594163551,0.891236672,0.907429307,0.390026575,0.132510031,57.36418113,0.248109162,0.84756115,202.6606858,0.755945623,0.122289174,41.61,107.5659308,2.45,0.322572159,18216.50074,0.576838522,0.232452001,0.5788,271.58,469.19,976.8428759,Fermo
Aquila,2514,714,42.39433974,13.4258013,6.838709677,3.661290323,15,2.495445611,0.819797367,0.82206113,0.553929046,0.117019474,69.88634357,0.440237679,0.969317195,59.81471971,0.722595552,0.121886135,40.43,99.41165991,2.3,0.194323312,18444.26485,0.341043553,0.074439402,0.4662,207.6,445.35,996.3234076,Aquila
Teramo,1834,265,42.65923244,13.71157178,11.58064516,7.983870968,12,2.577697188,0.869718972,0.901570048,0.354221941,0.138260686,53.47696357,0.331600247,0.884964534,158.5467857,0.761094461,0.112335802,40.92,105.1204332,2.42,0.253573539,16796.11457,0.485054453,0.166311129,0.6287,306.71,487.81,967.5368474,Teramo
Pescara,1718,4,42.45697116,14.20422183,11.90322581,8.35483871,12,2.554501985,0.851669174,0.878076328,0.387456847,0.158375801,53.6146145,0.201674213,0.877684238,261.1574076,0.744113168,0.146467103,40.75,103.5314867,2.37,0.24569934,18702.79412,0.290304222,0.036192575,0.4068,191.64,471.13,972.8952504,Pescara
Chieti,1556,330,42.35960568,14.16350851,11.67741936,8.35483871,14,2.549289666,0.840402923,0.858913244,0.436780507,0.108351625,56.96742933,0.300262332,0.870799781,149.7059571,0.769095437,0.120377737,41.95,106.3235337,2.39,0.2501727,17326.45884,0.473953182,0.064218887,0.6326,268.21,423.99,959.7372864,Chieti
Campobasso,2346,701,41.56865053,14.66346016,6.161290323,3.758064516,15,2.508575417,0.80439412,0.827766863,0.583993975,0.10049976,73.2492709,0.365348241,0.863885098,76.79272837,0.775582821,0.109046333,41.82,104.3677236,2.35,0.163431514,15942.83284,0.33715274,0.041376578,0.2782,108.54,390.15,906.7680419,Campobasso
Ravenna,2227,4,44.41359981,12.1940993,8.870967742,5.338709677,8,2.302262406,0.875105181,0.906788174,0.414470681,0.1394409,51.96239271,0.244420046,0.874688443,210.503158,0.746834116,0.158678658,46.99,107.127098,2.18,0.287729266,21376.93522,0.359661087,0.207654811,0.5423,387.71,714.88,1156.064934,Ravenna
Imperia,1201,10,43.90015938,8.004841927,12.48387097,10.32258065,8,2.149361711,0.69302419,0.69401254,0.501628404,0.118443925,75.7546904,0.428349748,0.909749093,186.2961039,0.653272384,0.244582227,39.32,83.60335878,2.05,0.208841876,18924.00967,0.245351251,0.140854367,0.3829,228.86,597.7,1164.877051,Imperia
Savona,1481,4,44.33708252,8.424361205,12.48387097,10.32258065,8,2.077119227,0.691882116,0.686679974,0.514550904,0.088352831,71.20290696,0.447821955,0.953193276,180.6958585,0.680923286,0.226054802,42.36,87.14280435,1.98,0.243011373,21323.64008,0.306107507,0.210240938,0.4973,302.88,609.06,1168.89996,Savona
Genova,1435,19,44.44251026,8.894138062,12.29032258,10.06451613,16,2.110679248,0.530204592,0.650701028,0.697362435,0.048444656,85.76203282,0.219839328,0.978098556,463.5636487,0.701502134,0.22146701,42.77,89.25013688,1.98,0.314846103,23517.47241,0.308009471,0.044710383,0.4014,204.91,510.54,1051.67686,Genova
La_Spezia,1413,3,44.11096128,9.822135122,11.35483871,8.725806452,17,2.194024028,0.780157258,0.797728513,0.579281822,0.093940504,73.29791267,0.247613316,0.950677062,250.413556,0.702544166,0.199173269,41.53,90.47919814,2.12,0.231728446,21654.65317,0.310713232,0.108976973,0.547,279.22,510.44,1041.241878,La_Spezia
Massa,1525,65,44.05589019,10.16239303,11.87096774,9.0,18,2.3570872,0.845068202,0.855497682,0.532829001,0.103784164,69.77446484,0.296425429,0.963070373,170.2476647,0.716520399,0.163340656,40.99,95.88816085,2.2,0.223806662,20163.13644,0.345231967,0.164192695,0.4045,244.65,604.81,1015.362702,Massa
Lucca,1715,19,43.86559566,10.47454982,10.70967742,7.548387097,17,2.435659897,0.850183025,0.843745848,0.516803544,0.12743524,69.27324863,0.265146106,0.942072017,219.9632645,0.741037146,0.141232488,44.71,108.1125983,2.3,0.285107654,21007.07147,0.39187102,0.121820214,0.6538,411.92,630.08,1167.56657,Lucca
Pistoia,1885,67,43.97774539,10.91670625,10.61290323,7.467741936,16,2.47656492,0.817428845,0.798735219,0.512703505,0.070347445,68.14491935,0.204868543,0.896941633,302.7039268,0.736633547,0.158847578,43.53,107.2409667,2.32,0.253274093,19834.77286,0.384685018,0.081126923,0.4767,275.46,577.89,1077.991632,Pistoia
Firenze,1821,50,43.78093213,11.24592389,10.61290323,7.467741936,16,2.362598811,0.785861303,0.815093823,0.628925961,0.072112297,78.78898437,0.10086358,0.923690714,288.7053244,0.729918067,0.181073764,40.68,95.3109717,2.22,0.344760544,23532.90157,0.359425577,0.092435798,0.5682,341.34,600.73,1045.816193,Firenze
Livorno,1408,3,43.52304693,10.34998499,12.51612903,10.38709677,14,2.298920646,0.742834121,0.696541022,0.455883842,0.114173468,60.54084567,0.251230415,0.944220232,277.9353487,0.725927457,0.186024954,38.25,87.14925803,2.15,0.243683016,21309.26531,0.264621637,0.354254241,0.418,293.03,700.96,1088.83184,Livorno
Pisa,1694,4,43.67326757,10.35521489,11.61290323,8.580645161,16,2.432083942,0.855068708,0.852711933,0.536600084,0.127127411,68.924343,0.161555926,0.925810453,172.5561747,0.736415931,0.168957631,42.07,101.5840278,2.29,0.270848026,21880.94812,0.426084224,0.093800892,0.5969,342.35,573.53,1061.986341,Pisa
Arezzo,2104,296,43.44605239,11.90532736,9.64516129,6.516129032,14,2.481791463,0.846115589,0.844605258,0.49755174,0.143787948,68.34453875,0.206419838,0.870741629,106.5163474,0.751618089,0.149956992,42.14,104.000491,2.34,0.292737928,20246.10488,0.480314491,0.078795147,0.3895,224.06,575.28,1027.081022,Arezzo
Isernia,1866,423,41.60821772,14.21707253,11.32258065,7.935483871,15,2.481751202,0.768748881,0.744266953,0.623734648,0.092884857,74.0899822,0.377957769,0.897914971,55.89240817,0.757898543,0.109161197,43.71,107.6813643,2.35,0.187824532,15845.56323,0.405834249,0.028145213,0.2833,108.3,382.26,886.8947031,Isernia
Siena,1943,322,43.31151922,11.33475416,10.67741936,7.467741936,11,2.369985511,0.859434524,0.846780824,0.618487525,0.089044001,82.58970923,0.214706491,0.883520053,70.22874907,0.730030815,0.168989336,42.43,99.5960053,2.23,0.364408655,21654.70508,0.271081423,0.249980435,0.433,270.28,624.26,1094.13023,Siena
Grosseto,1550,10,42.76815358,11.09115369,12.87096774,9.241935484,10,2.260201258,0.790629685,0.721600231,0.55355979,0.112180347,66.78812828,0.353372405,0.855538528,49.53125695,0.75622717,0.145509132,40.72,91.31626463,2.14,0.21789594,19043.44045,0.282875572,0.443358963,0.3295,213.51,648.04,1210.966397,Grosseto
Prato,1668,61,43.8791127,11.08574803,10.61290323,7.467741936,16,2.617882198,0.827808231,0.831774598,0.448565763,0.119459263,56.93499148,0.123567591,0.980615332,696.2239272,0.769868809,0.158679546,39.43,102.5678593,2.48,0.374501862,20349.58124,0.484168694,0.013746622,0.5835,402.08,689.02,1035.317036,Prato
Viterbo,1989,326,42.43865169,12.06418636,11.4516129,8.209677419,13,2.3865077,0.800078098,0.707222137,0.422261602,0.165229904,60.63997442,0.234005781,0.86288611,88.24029303,0.747025584,0.145530177,41.85,99.09302272,2.25,0.176744528,18339.53393,0.327431868,0.097311039,0.4813,200.16,415.9,1038.531949,Viterbo
Rieti,2324,405,42.40656458,12.85139516,10.4516129,6.822580645,17,2.358043829,0.798212613,0.695402829,0.57746284,0.088922022,75.43199041,0.424088574,0.858336985,57.235138,0.751108532,0.120956462,41.75,97.85102277,2.22,0.14430538,18516.38217,0.359966058,0.036482023,0.3352,140.94,420.51,1065.938254,Rieti
Roma,1415,20,41.88653282,12.46184018,13.16129032,9.387096774,12,2.377390123,0.626031021,0.60264321,0.262619899,0.186595675,43.78758916,0.131009415,0.968290404,811.7699047,0.702696036,0.18411565,39.21,91.70115513,2.17,0.386518456,24718.27017,0.171897632,0.060559455,0.4234,229.69,542.55,1173.910787,Roma
Frosinone,2196,291,41.63554429,13.33227394,11.58064516,7.274193548,14,2.589722294,0.740332074,0.703047439,0.392083874,0.093443071,55.65858889,0.265115417,0.784027962,151.8522394,0.750049682,0.10667679,41.86,107.9135342,2.42,0.187012976,17348.93454,0.390789502,0.037528368,0.427,151.85,355.62,952.6088747,Frosinone
Napoli,1034,17,40.85767711,14.24018568,13.35483871,11.12903226,16,2.934354049,0.730973618,0.527841784,0.338017206,0.105841185,51.48383518,0.110185513,0.987980842,2635.459399,0.566467952,0.31379033,30.73,89.5785304,2.77,0.167945463,18210.42658,0.253532684,0.029501391,0.4705,228.64,485.97,898.1636984,Napoli
Foggia,1530,76,41.45720813,15.58446747,12.80645161,9.193548387,12,2.683330547,0.827820894,0.767171425,0.465873786,0.097447109,61.16941874,0.283098388,0.958054345,89.69825676,0.729059147,0.16193722,34.65,92.46321131,2.58,0.139538264,14827.57114,0.284612127,0.16700819,0.252,109.49,434.49,869.4531593,Foggia
Bari,1185,5,41.10401052,16.84661095,13.29032258,10.56451613,15,2.709955309,0.851187857,0.79862804,0.431509211,0.120744705,60.16247163,0.167157069,0.957177206,326.2196174,0.714473809,0.199339737,36.52,98.40217309,2.56,0.213772435,17624.97953,0.329981736,0.020962717,0.3633,173.26,476.92,970.0494071,Bari
Taranto,1071,15,40.46435872,17.30171335,14.09677419,11.01612903,12,2.631941693,0.844857976,0.716987951,0.26006214,0.128168303,46.36970942,0.26143126,0.952689562,236.4773698,0.755144272,0.152945636,39.53,103.6911622,2.51,0.141028207,16886.99056,0.306845195,0.034727899,0.2947,146.51,497.13,1026.258014,Taranto
Brindisi,1083,15,40.60719864,17.89951193,13.41935484,10.90322581,15,2.623077527,0.806825578,0.664557382,0.311760063,0.108691033,49.54255206,0.335290664,0.920801096,213.3574674,0.753171514,0.138285766,39.64,103.5433252,2.52,0.145750634,15790.99183,0.316962528,0.072642244,0.492,228.26,463.9,1070.053364,Brindisi
Lecce,1153,49,40.40496795,18.17898629,13.22580645,9.85483871,15,2.575291881,0.82682762,0.589021981,0.287468146,0.137462771,46.10194225,0.31714017,0.962634255,286.5535208,0.792239283,0.098932314,44.89,115.1647957,2.44,0.170460015,15475.98405,0.35014483,0.111077172,0.2669,129.22,484.07,1062.609559,Lecce
Barletta,1306,15,41.29005187,16.21703264,13.29032258,10.56451613,15,2.856102309,0.889493791,0.874973059,0.375697664,0.12917505,55.69667571,0.203552515,0.984894939,254.4123581,0.698593097,0.207659162,33.14,94.03990434,2.72,0.175764507,14741.02327,0.371236438,0.013358944,0.5038,228.04,452.66,895.9459528,Barletta
Potenza,2472,819,40.66026624,15.80759132,7.193548387,4.161290323,16,2.536714859,0.738052935,0.728842241,0.441774251,0.137731049,59.30335732,0.307281863,0.861343882,56.21140803,0.747986771,0.108525488,37.11,93.45659995,2.4,0.16475849,16190.02879,0.393059035,0.038655984,0.4246,140.5,330.94,843.5847631,Potenza
Matera,1776,401,40.67078287,16.57952156,12.09677419,8.951612903,14,2.553676715,0.806887093,0.790509154,0.454429928,0.112275382,57.96377135,0.267963359,0.922374201,57.39894119,0.728453439,0.14120169,36.88,93.81948238,2.42,0.165241553,15700.20265,0.365431725,0.132638906,0.3425,135.99,397.0,880.3866089,Matera
Catanzaro,1328,320,38.8909407,16.60334004,13.22580645,10.67741936,10,2.554292042,0.659935457,0.551682919,0.442301865,0.12220049,58.10800437,0.359237297,0.940815527,150.0104919,0.708427608,0.141387112,39.61,100.5753104,2.43,0.159348157,15905.93089,0.259469829,0.079272954,0.388,157.67,406.36,996.2935671,Catanzaro
Crotone,899,8,39.09389554,17.08908634,13.64516129,11.24193548,10,2.682671316,0.552432237,0.457265434,0.304559889,0.141253048,46.65105181,0.466686763,0.959140062,101.1508377,0.727820134,0.116524039,38.14,101.8388227,2.49,0.142544335,13731.61017,0.313467778,0.11287493,0.1822,75.83,416.24,986.5235866,Crotone
Vibo_Valentia,1586,476,38.68353117,16.09440777,6.870967742,4.951612903,21,2.6229374,0.613559035,0.476391536,0.48169272,0.132753884,57.57514901,0.401387141,0.935933761,140.4600612,0.715450514,0.117647059,37.97,98.96027287,2.49,0.131559461,14145.71904,0.285747511,0.214832415,0.2385,90.7,380.27,949.7645698,Vibo_Valentia
Reggio_Calabria,772,15,38.11376643,15.71879883,14.87096774,12.9516129,17,2.621605032,0.585968072,0.36369246,0.39937065,0.097271078,51.57656512,0.337415811,0.974225317,172.5222811,0.65641757,0.166966133,38.68,100.8777764,2.52,0.127581144,15218.02277,0.23033588,0.034077142,0.2491,101.24,406.44,1047.013601,Reggio_Calabria
Trapani,810,3,37.92239375,12.62773283,15.41935484,12.64516129,12,2.535859852,0.70176795,0.364992151,0.214168399,0.148890007,40.72174714,0.354435392,0.972134156,175.9283916,0.721435063,0.125987509,42.21,106.4567434,2.55,0.14630731,15041.70082,0.280763116,0.068825436,0.2535,119.92,472.98,1166.922914,Trapani
Palermo,751,14,38.13134038,13.33178335,15.48387097,13.4516129,15,2.655371876,0.632798417,0.33395943,0.346694718,0.129741257,49.25414753,0.296407289,0.971303932,253.1734736,0.646580797,0.215855573,38.4,101.3051131,2.56,0.141562499,17692.83694,0.220454997,0.026750154,0.1037,48.84,470.91,1057.626573,Palermo
Messina,707,3,38.19217796,15.51125207,15.03225807,13.19354839,18,2.393167681,0.673780776,0.419497967,0.465439574,0.105006495,57.28376949,0.32841881,0.962254395,194.9266371,0.7014907,0.140230085,38.36,90.96737413,2.31,0.148163195,16827.96492,0.290174491,0.074285364,0.1429,67.83,474.66,1078.609541,Messina
Agrigento,729,230,37.32324035,13.56708959,15.16129032,12.14516129,11,2.612837395,0.778353068,0.408430952,0.315694352,0.114578326,47.79984239,0.415012261,0.955717633,144.8110815,0.731355471,0.103331055,39.18,101.8404243,2.53,0.114404134,13498.8844,0.263654147,0.040201426,0.1726,80.65,467.21,1041.739717,Agrigento
Caltanissetta,1550,568,37.47129545,14.0091521,8.806451613,6.35483871,13,2.61268751,0.783340423,0.552736056,0.380252283,0.127136613,50.42856138,0.373863799,0.956488306,126.1288015,0.745959284,0.100042709,37.7,98.1101523,2.48,0.13874822,14891.77802,0.323181674,0.015883727,0.23,90.17,392.08,970.3014349,Caltanissetta
Enna,2248,931,37.51999837,14.28942002,8.806451613,6.35483871,13,2.494226428,0.790593026,0.676165841,0.490376139,0.092403761,59.18394799,0.356395236,0.894782965,65.27040008,0.749231645,0.084092203,38.32,95.1806704,2.41,0.115882872,14322.82245,0.319452736,0.015441649,0.1104,39.96,362.12,925.9038869,Enna
Catania,833,7,37.44318209,15.03658326,15.96774194,12.5483871,12,2.615209323,0.707707065,0.442367363,0.360492403,0.130966583,48.92512793,0.240644428,0.980525897,311.5283289,0.699555949,0.157931274,37.43,97.32461085,2.48,0.155345089,16824.24162,0.268616371,0.02007899,0.1805,87.48,484.66,1003.590218,Catania
Ragusa,1324,520,36.90813614,14.66477954,8.935483871,6.838709677,11,2.593577881,0.730438766,0.411758689,0.309441521,0.142308292,46.24938225,0.416902669,0.917223863,197.895229,0.745999299,0.118777846,40.17,103.6112906,2.48,0.17015402,14362.64165,0.299019514,0.061476417,0.1665,75.26,451.94,1107.484153,Ragusa
Siracusa,799,17,37.04040729,15.2143612,16.35483871,13.38709677,9,2.581295382,0.560054099,0.291746415,0.264791584,0.114867312,44.01656542,0.285191012,0.958275511,189.6406269,0.738446067,0.12549726,39.31,100.8433149,2.47,0.142798919,16517.55604,0.345823849,0.045419565,0.0932,44.96,482.24,1128.538163,Siracusa
Latina,1220,21,41.46740251,12.87879511,14.06451613,9.903225807,13,2.608869732,0.822109659,0.749649841,0.255705386,0.126113397,45.9921174,0.268705209,0.844477651,254.8095171,0.722556733,0.151227901,37.28,96.85329502,2.36,0.204482204,17441.01314,0.335933853,0.077235511,0.4181,210.3,502.99,1027.847018,Latina
Caserta,1013,68,41.08856665,14.35816463,12.41935484,9.14516129,16,2.83517871,0.717416631,0.604902449,0.319855639,0.131229516,51.78991537,0.217232697,0.950141504,348.5680405,0.646245478,0.194447769,35.78,100.9807755,2.66,0.13789491,16260.73967,0.32324657,0.016983962,0.512,233.23,455.55,946.3667783,Caserta
Benevento,1316,135,41.15010767,14.78376056,11.38709677,8.306451613,19,2.627477382,0.699494486,0.66958167,0.363560802,0.133686683,55.3158646,0.244794931,0.786002106,134.4328728,0.692613844,0.134185845,41.68,109.1511007,2.51,0.155338715,15367.53756,0.35608731,0.0228551,0.7094,252.82,356.39,877.0894789,Benevento
Avellino,1742,348,40.91484743,14.78903328,11.03225807,8.0,18,2.660119011,0.760717527,0.717693937,0.219496121,0.164502989,42.72336692,0.260003668,0.843448901,150.928057,0.699418791,0.144958326,40.18,106.2696833,2.5,0.171955718,15917.01834,0.396403599,0.015851015,0.5605,195.17,348.23,838.4769047,Avellino
Salerno,994,4,40.67888337,14.81108037,13.16129032,10.85483871,17,2.758958798,0.704033492,0.617746267,0.375374794,0.138287309,55.16205128,0.214395622,0.91249236,222.9904574,0.682679011,0.174870267,36.03,98.79610925,2.57,0.168247816,16109.32572,0.313100275,0.073186142,0.6131,249.63,407.16,900.2191484,Salerno
Cosenza,1317,238,39.27951328,16.27211481,13.29032258,10.11290323,10,2.515102308,0.638081554,0.550609607,0.435104832,0.120385379,59.64436635,0.410346141,0.911516323,106.0754478,0.71704108,0.121269094,41.5,103.8604987,2.34,0.142036049,14570.25451,0.251217733,0.121375954,0.4267,171.81,402.65,1006.829751,Cosenza
